-- Dados Fictícios Realistas para StellarBridge
-- Gerado automaticamente

-- Talentos
INSERT INTO talents (userId, pseudonym, bio, currentRole, yearsExperience, industry, location, birthDate, identityVerified, xp, level)
VALUES (1, 'Talent-001', 'Business Analyst com 1 anos de experiência. O conforto de conseguir com força total.', 'Business Analyst', 1, 'Design', 'Brasília, DF', '1997-11-18', 1, 582, 6);
INSERT INTO talents (userId, pseudonym, bio, currentRole, yearsExperience, industry, location, birthDate, identityVerified, xp, level)
VALUES (2, 'Talent-002', 'Tech Lead com 3 anos de experiência. A segurança de inovar mais rapidamente.', 'Tech Lead', 3, 'Produto', 'Salvador, BA', '1990-05-13', 1, 381, 4);
INSERT INTO talents (userId, pseudonym, bio, currentRole, yearsExperience, industry, location, birthDate, identityVerified, xp, level)
VALUES (3, 'Talent-003', 'Mobile Developer com 2 anos de experiência. O poder de conseguir mais facilmente.', 'Mobile Developer', 2, 'Produto', 'Porto Alegre, RS', '1980-02-08', 1, 207, 3);
INSERT INTO talents (userId, pseudonym, bio, currentRole, yearsExperience, industry, location, birthDate, identityVerified, xp, level)
VALUES (4, 'Talent-004', 'Desenvolvedora Full Stack com 7 anos de experiência. O conforto de mudar em estado puro.', 'Desenvolvedora Full Stack', 7, 'Dados', 'São Paulo, SP', '1992-04-17', 1, 113, 2);
INSERT INTO talents (userId, pseudonym, bio, currentRole, yearsExperience, industry, location, birthDate, identityVerified, xp, level)
VALUES (5, 'Talent-005', 'Data Engineer com 3 anos de experiência. A segurança de evoluir de maneira eficaz.', 'Data Engineer', 3, 'Gestão', 'Recife, PE', '1991-10-02', 1, 183, 2);
INSERT INTO talents (userId, pseudonym, bio, currentRole, yearsExperience, industry, location, birthDate, identityVerified, xp, level)
VALUES (6, 'Talent-006', 'Scrum Master com 1 anos de experiência. A simplicidade de ganhar com toda a tranquilidade.', 'Scrum Master', 1, 'Gestão', 'Brasília, DF', '1999-05-08', 1, 325, 4);
INSERT INTO talents (userId, pseudonym, bio, currentRole, yearsExperience, industry, location, birthDate, identityVerified, xp, level)
VALUES (7, 'Talent-007', 'Tech Lead com 6 anos de experiência. A arte de evoluir mais facilmente.', 'Tech Lead', 6, 'Tecnologia', 'Florianópolis, SC', '2001-07-21', 1, 488, 5);
INSERT INTO talents (userId, pseudonym, bio, currentRole, yearsExperience, industry, location, birthDate, identityVerified, xp, level)
VALUES (8, 'Talent-008', 'Business Analyst com 6 anos de experiência. O poder de inovar antes de tudo.', 'Business Analyst', 6, 'Produto', 'Porto Alegre, RS', '1999-08-28', 1, 359, 4);
INSERT INTO talents (userId, pseudonym, bio, currentRole, yearsExperience, industry, location, birthDate, identityVerified, xp, level)
VALUES (9, 'Talent-009', 'DevOps Engineer com 1 anos de experiência. A possibilidade de inovar direto da fonte.', 'DevOps Engineer', 1, 'Produto', 'Recife, PE', '2003-10-05', 1, 151, 2);
INSERT INTO talents (userId, pseudonym, bio, currentRole, yearsExperience, industry, location, birthDate, identityVerified, xp, level)
VALUES (10, 'Talent-010', 'Product Manager com 2 anos de experiência. O direito de mudar sem preocupação.', 'Product Manager', 2, 'Design', 'Belo Horizonte, MG', '1999-08-24', 1, 236, 3);
INSERT INTO talents (userId, pseudonym, bio, currentRole, yearsExperience, industry, location, birthDate, identityVerified, xp, level)
VALUES (11, 'Talent-011', 'Data Engineer com 10 anos de experiência. O conforto de mudar com toda a tranquilidade.', 'Data Engineer', 10, 'Dados', 'São Paulo, SP', '1998-09-28', 1, 445, 5);
INSERT INTO talents (userId, pseudonym, bio, currentRole, yearsExperience, industry, location, birthDate, identityVerified, xp, level)
VALUES (12, 'Talent-012', 'Frontend Developer com 3 anos de experiência. A possibilidade de inovar sem preocupação.', 'Frontend Developer', 3, 'Design', 'São Paulo, SP', '1992-06-28', 1, 512, 6);
INSERT INTO talents (userId, pseudonym, bio, currentRole, yearsExperience, industry, location, birthDate, identityVerified, xp, level)
VALUES (13, 'Talent-013', 'Frontend Developer com 9 anos de experiência. O conforto de inovar sem preocupação.', 'Frontend Developer', 9, 'Design', 'São Paulo, SP', '1987-02-09', 1, 472, 5);
INSERT INTO talents (userId, pseudonym, bio, currentRole, yearsExperience, industry, location, birthDate, identityVerified, xp, level)
VALUES (14, 'Talent-014', 'Scrum Master com 10 anos de experiência. O conforto de conseguir com força total.', 'Scrum Master', 10, 'Produto', 'Brasília, DF', '1999-05-23', 1, 85, 1);
INSERT INTO talents (userId, pseudonym, bio, currentRole, yearsExperience, industry, location, birthDate, identityVerified, xp, level)
VALUES (15, 'Talent-015', 'Mobile Developer com 5 anos de experiência. A certeza de realizar seus sonhos antes de tudo.', 'Mobile Developer', 5, 'Gestão', 'Porto Alegre, RS', '1982-01-29', 1, 213, 3);
INSERT INTO talents (userId, pseudonym, bio, currentRole, yearsExperience, industry, location, birthDate, identityVerified, xp, level)
VALUES (16, 'Talent-016', 'Cientista de Dados com 2 anos de experiência. A arte de atingir seus objetivos mais facilmente.', 'Cientista de Dados', 2, 'Design', 'Porto Alegre, RS', '1993-08-31', 1, 167, 2);
INSERT INTO talents (userId, pseudonym, bio, currentRole, yearsExperience, industry, location, birthDate, identityVerified, xp, level)
VALUES (17, 'Talent-017', 'Backend Developer com 1 anos de experiência. A possibilidade de inovar em estado puro.', 'Backend Developer', 1, 'Design', 'Salvador, BA', '1996-02-12', 1, 96, 1);
INSERT INTO talents (userId, pseudonym, bio, currentRole, yearsExperience, industry, location, birthDate, identityVerified, xp, level)
VALUES (18, 'Talent-018', 'Frontend Developer com 8 anos de experiência. O conforto de realizar seus sonhos com toda a tranquilidade.', 'Frontend Developer', 8, 'Produto', 'Porto Alegre, RS', '1988-10-08', 1, 396, 4);
INSERT INTO talents (userId, pseudonym, bio, currentRole, yearsExperience, industry, location, birthDate, identityVerified, xp, level)
VALUES (19, 'Talent-019', 'Data Engineer com 2 anos de experiência. A simplicidade de realizar seus sonhos naturalmente.', 'Data Engineer', 2, 'Dados', 'Curitiba, PR', '1988-07-31', 1, 435, 5);
INSERT INTO talents (userId, pseudonym, bio, currentRole, yearsExperience, industry, location, birthDate, identityVerified, xp, level)
VALUES (20, 'Talent-020', 'Engenheira de Software com 6 anos de experiência. A simplicidade de concretizar seus projetos de maneira eficaz.', 'Engenheira de Software', 6, 'Segurança', 'Curitiba, PR', '1989-05-09', 1, 596, 6);
INSERT INTO talents (userId, pseudonym, bio, currentRole, yearsExperience, industry, location, birthDate, identityVerified, xp, level)
VALUES (21, 'Talent-021', 'Cientista de Dados com 9 anos de experiência. A arte de conseguir com confiança.', 'Cientista de Dados', 9, 'Design', 'Rio de Janeiro, RJ', '1983-02-20', 1, 571, 6);
INSERT INTO talents (userId, pseudonym, bio, currentRole, yearsExperience, industry, location, birthDate, identityVerified, xp, level)
VALUES (22, 'Talent-022', 'Cientista de Dados com 1 anos de experiência. O prazer de inovar naturalmente.', 'Cientista de Dados', 1, 'Dados', 'Porto Alegre, RS', '1993-05-12', 1, 338, 4);
INSERT INTO talents (userId, pseudonym, bio, currentRole, yearsExperience, industry, location, birthDate, identityVerified, xp, level)
VALUES (23, 'Talent-023', 'Data Engineer com 2 anos de experiência. O prazer de conseguir mais rapidamente.', 'Data Engineer', 2, 'Segurança', 'Brasília, DF', '1998-10-29', 1, 399, 4);
INSERT INTO talents (userId, pseudonym, bio, currentRole, yearsExperience, industry, location, birthDate, identityVerified, xp, level)
VALUES (24, 'Talent-024', 'Designer UI/UX com 3 anos de experiência. O conforto de avançar com força total.', 'Designer UI/UX', 3, 'Gestão', 'Belo Horizonte, MG', '1991-02-28', 1, 599, 6);
INSERT INTO talents (userId, pseudonym, bio, currentRole, yearsExperience, industry, location, birthDate, identityVerified, xp, level)
VALUES (25, 'Talent-025', 'Scrum Master com 12 anos de experiência. O direito de conseguir sem preocupação.', 'Scrum Master', 12, 'Dados', 'Porto Alegre, RS', '1984-06-06', 1, 443, 5);
INSERT INTO talents (userId, pseudonym, bio, currentRole, yearsExperience, industry, location, birthDate, identityVerified, xp, level)
VALUES (26, 'Talent-026', 'Tech Lead com 5 anos de experiência. O direito de ganhar com toda a tranquilidade.', 'Tech Lead', 5, 'Tecnologia', 'Fortaleza, CE', '2003-11-24', 1, 327, 4);
INSERT INTO talents (userId, pseudonym, bio, currentRole, yearsExperience, industry, location, birthDate, identityVerified, xp, level)
VALUES (27, 'Talent-027', 'QA Engineer com 1 anos de experiência. O prazer de ganhar antes de tudo.', 'QA Engineer', 1, 'Tecnologia', 'Curitiba, PR', '1992-12-23', 1, 51, 1);
INSERT INTO talents (userId, pseudonym, bio, currentRole, yearsExperience, industry, location, birthDate, identityVerified, xp, level)
VALUES (28, 'Talent-028', 'Backend Developer com 7 anos de experiência. A possibilidade de ganhar com força total.', 'Backend Developer', 7, 'Gestão', 'Salvador, BA', '1993-02-17', 1, 75, 1);
INSERT INTO talents (userId, pseudonym, bio, currentRole, yearsExperience, industry, location, birthDate, identityVerified, xp, level)
VALUES (29, 'Talent-029', 'QA Engineer com 1 anos de experiência. O poder de realizar seus sonhos simplesmente.', 'QA Engineer', 1, 'Gestão', 'Porto Alegre, RS', '1993-03-19', 1, 96, 1);
INSERT INTO talents (userId, pseudonym, bio, currentRole, yearsExperience, industry, location, birthDate, identityVerified, xp, level)
VALUES (30, 'Talent-030', 'Scrum Master com 7 anos de experiência. A arte de atingir seus objetivos simplesmente.', 'Scrum Master', 7, 'Dados', 'São Paulo, SP', '1994-10-24', 1, 490, 5);

-- Skills
INSERT INTO talentSkills (talentId, skill, proficiency) VALUES (1, 'GraphQL', 'intermediate');
INSERT INTO talentSkills (talentId, skill, proficiency) VALUES (1, 'AWS', 'intermediate');
INSERT INTO talentSkills (talentId, skill, proficiency) VALUES (1, 'REST API', 'intermediate');
INSERT INTO talentSkills (talentId, skill, proficiency) VALUES (1, 'Agile', 'advanced');
INSERT INTO talentSkills (talentId, skill, proficiency) VALUES (1, 'Angular', 'advanced');
INSERT INTO talentSkills (talentId, skill, proficiency) VALUES (1, 'Django', 'beginner');
INSERT INTO talentSkills (talentId, skill, proficiency) VALUES (2, 'Docker', 'beginner');
INSERT INTO talentSkills (talentId, skill, proficiency) VALUES (2, 'Angular', 'advanced');
INSERT INTO talentSkills (talentId, skill, proficiency) VALUES (2, 'Agile', 'advanced');
INSERT INTO talentSkills (talentId, skill, proficiency) VALUES (3, 'Visual Design', 'expert');
INSERT INTO talentSkills (talentId, skill, proficiency) VALUES (3, 'Wireframing', 'intermediate');
INSERT INTO talentSkills (talentId, skill, proficiency) VALUES (3, 'User Testing', 'beginner');
INSERT INTO talentSkills (talentId, skill, proficiency) VALUES (3, 'UX Research', 'advanced');
INSERT INTO talentSkills (talentId, skill, proficiency) VALUES (4, 'Git', 'advanced');
INSERT INTO talentSkills (talentId, skill, proficiency) VALUES (4, 'React', 'intermediate');
INSERT INTO talentSkills (talentId, skill, proficiency) VALUES (4, 'Scrum', 'beginner');
INSERT INTO talentSkills (talentId, skill, proficiency) VALUES (5, 'TypeScript', 'advanced');
INSERT INTO talentSkills (talentId, skill, proficiency) VALUES (5, 'PostgreSQL', 'beginner');
INSERT INTO talentSkills (talentId, skill, proficiency) VALUES (5, 'JavaScript', 'intermediate');
INSERT INTO talentSkills (talentId, skill, proficiency) VALUES (5, 'RabbitMQ', 'expert');
INSERT INTO talentSkills (talentId, skill, proficiency) VALUES (6, 'Prototyping', 'advanced');
INSERT INTO talentSkills (talentId, skill, proficiency) VALUES (6, 'UI Design', 'expert');
INSERT INTO talentSkills (talentId, skill, proficiency) VALUES (6, 'Visual Design', 'beginner');
INSERT INTO talentSkills (talentId, skill, proficiency) VALUES (6, 'Wireframing', 'expert');
INSERT INTO talentSkills (talentId, skill, proficiency) VALUES (6, 'Sketch', 'advanced');
INSERT INTO talentSkills (talentId, skill, proficiency) VALUES (6, 'Photoshop', 'advanced');
INSERT INTO talentSkills (talentId, skill, proficiency) VALUES (6, 'Illustrator', 'beginner');
INSERT INTO talentSkills (talentId, skill, proficiency) VALUES (7, 'CI/CD', 'advanced');
INSERT INTO talentSkills (talentId, skill, proficiency) VALUES (7, 'Flask', 'expert');
INSERT INTO talentSkills (talentId, skill, proficiency) VALUES (7, 'GraphQL', 'advanced');
INSERT INTO talentSkills (talentId, skill, proficiency) VALUES (7, 'RabbitMQ', 'beginner');
INSERT INTO talentSkills (talentId, skill, proficiency) VALUES (7, 'MongoDB', 'advanced');
INSERT INTO talentSkills (talentId, skill, proficiency) VALUES (7, 'Git', 'beginner');
INSERT INTO talentSkills (talentId, skill, proficiency) VALUES (8, 'Redis', 'intermediate');
INSERT INTO talentSkills (talentId, skill, proficiency) VALUES (8, 'TypeScript', 'beginner');
INSERT INTO talentSkills (talentId, skill, proficiency) VALUES (8, 'JavaScript', 'beginner');
INSERT INTO talentSkills (talentId, skill, proficiency) VALUES (8, 'Flask', 'intermediate');
INSERT INTO talentSkills (talentId, skill, proficiency) VALUES (8, 'Kafka', 'expert');
INSERT INTO talentSkills (talentId, skill, proficiency) VALUES (9, 'Adobe XD', 'advanced');
INSERT INTO talentSkills (talentId, skill, proficiency) VALUES (9, 'Interaction Design', 'intermediate');
INSERT INTO talentSkills (talentId, skill, proficiency) VALUES (9, 'Wireframing', 'intermediate');
INSERT INTO talentSkills (talentId, skill, proficiency) VALUES (9, 'Prototyping', 'advanced');
INSERT INTO talentSkills (talentId, skill, proficiency) VALUES (9, 'UI Design', 'beginner');
INSERT INTO talentSkills (talentId, skill, proficiency) VALUES (10, 'Docker', 'expert');
INSERT INTO talentSkills (talentId, skill, proficiency) VALUES (10, 'Data Analysis', 'advanced');
INSERT INTO talentSkills (talentId, skill, proficiency) VALUES (10, 'CI/CD', 'beginner');
INSERT INTO talentSkills (talentId, skill, proficiency) VALUES (10, 'Django', 'expert');
INSERT INTO talentSkills (talentId, skill, proficiency) VALUES (10, 'Flask', 'advanced');
INSERT INTO talentSkills (talentId, skill, proficiency) VALUES (10, 'MongoDB', 'intermediate');
INSERT INTO talentSkills (talentId, skill, proficiency) VALUES (11, 'React', 'beginner');
INSERT INTO talentSkills (talentId, skill, proficiency) VALUES (11, 'Elasticsearch', 'beginner');
INSERT INTO talentSkills (talentId, skill, proficiency) VALUES (11, 'Node.js', 'beginner');
INSERT INTO talentSkills (talentId, skill, proficiency) VALUES (11, 'MongoDB', 'expert');
INSERT INTO talentSkills (talentId, skill, proficiency) VALUES (11, 'Flask', 'intermediate');
INSERT INTO talentSkills (talentId, skill, proficiency) VALUES (12, 'Interaction Design', 'advanced');
INSERT INTO talentSkills (talentId, skill, proficiency) VALUES (12, 'UX Research', 'advanced');
INSERT INTO talentSkills (talentId, skill, proficiency) VALUES (12, 'Visual Design', 'expert');
INSERT INTO talentSkills (talentId, skill, proficiency) VALUES (12, 'Design Systems', 'beginner');
INSERT INTO talentSkills (talentId, skill, proficiency) VALUES (13, 'Spring Boot', 'expert');
INSERT INTO talentSkills (talentId, skill, proficiency) VALUES (13, 'Microservices', 'expert');
INSERT INTO talentSkills (talentId, skill, proficiency) VALUES (13, 'Docker', 'intermediate');
INSERT INTO talentSkills (talentId, skill, proficiency) VALUES (13, 'Elasticsearch', 'expert');
INSERT INTO talentSkills (talentId, skill, proficiency) VALUES (13, 'Vue.js', 'intermediate');
INSERT INTO talentSkills (talentId, skill, proficiency) VALUES (13, 'TensorFlow', 'beginner');
INSERT INTO talentSkills (talentId, skill, proficiency) VALUES (13, 'REST API', 'expert');
INSERT INTO talentSkills (talentId, skill, proficiency) VALUES (14, 'Kafka', 'intermediate');
INSERT INTO talentSkills (talentId, skill, proficiency) VALUES (14, 'Redis', 'beginner');
INSERT INTO talentSkills (talentId, skill, proficiency) VALUES (14, 'Elasticsearch', 'expert');
INSERT INTO talentSkills (talentId, skill, proficiency) VALUES (14, 'React', 'intermediate');
INSERT INTO talentSkills (talentId, skill, proficiency) VALUES (14, 'TensorFlow', 'expert');
INSERT INTO talentSkills (talentId, skill, proficiency) VALUES (14, 'Django', 'expert');
INSERT INTO talentSkills (talentId, skill, proficiency) VALUES (15, 'Sketch', 'expert');
INSERT INTO talentSkills (talentId, skill, proficiency) VALUES (15, 'Prototyping', 'intermediate');
INSERT INTO talentSkills (talentId, skill, proficiency) VALUES (15, 'User Testing', 'advanced');
INSERT INTO talentSkills (talentId, skill, proficiency) VALUES (15, 'Visual Design', 'intermediate');
INSERT INTO talentSkills (talentId, skill, proficiency) VALUES (15, 'UX Research', 'advanced');
INSERT INTO talentSkills (talentId, skill, proficiency) VALUES (15, 'Figma', 'beginner');
INSERT INTO talentSkills (talentId, skill, proficiency) VALUES (16, 'CI/CD', 'advanced');
INSERT INTO talentSkills (talentId, skill, proficiency) VALUES (16, 'Node.js', 'beginner');
INSERT INTO talentSkills (talentId, skill, proficiency) VALUES (16, 'PostgreSQL', 'intermediate');
INSERT INTO talentSkills (talentId, skill, proficiency) VALUES (17, 'Data Analysis', 'expert');
INSERT INTO talentSkills (talentId, skill, proficiency) VALUES (17, 'SQL', 'beginner');
INSERT INTO talentSkills (talentId, skill, proficiency) VALUES (17, 'Agile', 'expert');
INSERT INTO talentSkills (talentId, skill, proficiency) VALUES (17, 'CI/CD', 'intermediate');
INSERT INTO talentSkills (talentId, skill, proficiency) VALUES (17, 'Scrum', 'advanced');
INSERT INTO talentSkills (talentId, skill, proficiency) VALUES (18, 'Sketch', 'advanced');
INSERT INTO talentSkills (talentId, skill, proficiency) VALUES (18, 'UI Design', 'intermediate');
INSERT INTO talentSkills (talentId, skill, proficiency) VALUES (18, 'Photoshop', 'beginner');
INSERT INTO talentSkills (talentId, skill, proficiency) VALUES (18, 'UX Research', 'beginner');
INSERT INTO talentSkills (talentId, skill, proficiency) VALUES (18, 'Illustrator', 'advanced');
INSERT INTO talentSkills (talentId, skill, proficiency) VALUES (18, 'Interaction Design', 'advanced');
INSERT INTO talentSkills (talentId, skill, proficiency) VALUES (19, 'Spring Boot', 'expert');
INSERT INTO talentSkills (talentId, skill, proficiency) VALUES (19, 'Kubernetes', 'intermediate');
INSERT INTO talentSkills (talentId, skill, proficiency) VALUES (19, 'React', 'advanced');
INSERT INTO talentSkills (talentId, skill, proficiency) VALUES (19, 'Kafka', 'intermediate');
INSERT INTO talentSkills (talentId, skill, proficiency) VALUES (20, 'Django', 'beginner');
INSERT INTO talentSkills (talentId, skill, proficiency) VALUES (20, 'Scrum', 'expert');
INSERT INTO talentSkills (talentId, skill, proficiency) VALUES (20, 'Data Analysis', 'beginner');
INSERT INTO talentSkills (talentId, skill, proficiency) VALUES (20, 'JavaScript', 'expert');
INSERT INTO talentSkills (talentId, skill, proficiency) VALUES (21, 'User Testing', 'advanced');
INSERT INTO talentSkills (talentId, skill, proficiency) VALUES (21, 'Wireframing', 'expert');
INSERT INTO talentSkills (talentId, skill, proficiency) VALUES (21, 'Branding', 'intermediate');
INSERT INTO talentSkills (talentId, skill, proficiency) VALUES (21, 'Photoshop', 'expert');
INSERT INTO talentSkills (talentId, skill, proficiency) VALUES (21, 'UI Design', 'advanced');
INSERT INTO talentSkills (talentId, skill, proficiency) VALUES (22, 'Python', 'advanced');
INSERT INTO talentSkills (talentId, skill, proficiency) VALUES (22, 'PostgreSQL', 'advanced');
INSERT INTO talentSkills (talentId, skill, proficiency) VALUES (22, 'Microservices', 'expert');
INSERT INTO talentSkills (talentId, skill, proficiency) VALUES (22, 'Node.js', 'intermediate');
INSERT INTO talentSkills (talentId, skill, proficiency) VALUES (22, 'SQL', 'beginner');
INSERT INTO talentSkills (talentId, skill, proficiency) VALUES (22, 'JavaScript', 'intermediate');
INSERT INTO talentSkills (talentId, skill, proficiency) VALUES (23, 'AWS', 'expert');
INSERT INTO talentSkills (talentId, skill, proficiency) VALUES (23, 'RabbitMQ', 'advanced');
INSERT INTO talentSkills (talentId, skill, proficiency) VALUES (23, 'Django', 'expert');
INSERT INTO talentSkills (talentId, skill, proficiency) VALUES (23, 'Python', 'advanced');
INSERT INTO talentSkills (talentId, skill, proficiency) VALUES (23, 'PostgreSQL', 'intermediate');
INSERT INTO talentSkills (talentId, skill, proficiency) VALUES (24, 'Adobe XD', 'beginner');
INSERT INTO talentSkills (talentId, skill, proficiency) VALUES (24, 'Photoshop', 'beginner');
INSERT INTO talentSkills (talentId, skill, proficiency) VALUES (24, 'Figma', 'advanced');
INSERT INTO talentSkills (talentId, skill, proficiency) VALUES (24, 'Sketch', 'beginner');
INSERT INTO talentSkills (talentId, skill, proficiency) VALUES (24, 'Prototyping', 'advanced');
INSERT INTO talentSkills (talentId, skill, proficiency) VALUES (25, 'TensorFlow', 'advanced');
INSERT INTO talentSkills (talentId, skill, proficiency) VALUES (25, 'REST API', 'intermediate');
INSERT INTO talentSkills (talentId, skill, proficiency) VALUES (25, 'Java', 'beginner');
INSERT INTO talentSkills (talentId, skill, proficiency) VALUES (25, 'Django', 'advanced');
INSERT INTO talentSkills (talentId, skill, proficiency) VALUES (25, 'React', 'intermediate');
INSERT INTO talentSkills (talentId, skill, proficiency) VALUES (25, 'AWS', 'intermediate');
INSERT INTO talentSkills (talentId, skill, proficiency) VALUES (25, 'Git', 'beginner');
INSERT INTO talentSkills (talentId, skill, proficiency) VALUES (26, 'Agile', 'beginner');
INSERT INTO talentSkills (talentId, skill, proficiency) VALUES (26, 'Machine Learning', 'advanced');
INSERT INTO talentSkills (talentId, skill, proficiency) VALUES (26, 'Redis', 'intermediate');
INSERT INTO talentSkills (talentId, skill, proficiency) VALUES (26, 'MongoDB', 'intermediate');
INSERT INTO talentSkills (talentId, skill, proficiency) VALUES (27, 'Branding', 'intermediate');
INSERT INTO talentSkills (talentId, skill, proficiency) VALUES (27, 'UI Design', 'intermediate');
INSERT INTO talentSkills (talentId, skill, proficiency) VALUES (27, 'Prototyping', 'intermediate');
INSERT INTO talentSkills (talentId, skill, proficiency) VALUES (27, 'Adobe XD', 'intermediate');
INSERT INTO talentSkills (talentId, skill, proficiency) VALUES (27, 'Illustrator', 'advanced');
INSERT INTO talentSkills (talentId, skill, proficiency) VALUES (27, 'User Testing', 'intermediate');
INSERT INTO talentSkills (talentId, skill, proficiency) VALUES (28, 'REST API', 'expert');
INSERT INTO talentSkills (talentId, skill, proficiency) VALUES (28, 'Kafka', 'advanced');
INSERT INTO talentSkills (talentId, skill, proficiency) VALUES (28, 'RabbitMQ', 'expert');
INSERT INTO talentSkills (talentId, skill, proficiency) VALUES (28, 'TensorFlow', 'intermediate');
INSERT INTO talentSkills (talentId, skill, proficiency) VALUES (28, 'Python', 'expert');
INSERT INTO talentSkills (talentId, skill, proficiency) VALUES (28, 'Docker', 'expert');
INSERT INTO talentSkills (talentId, skill, proficiency) VALUES (28, 'GraphQL', 'expert');
INSERT INTO talentSkills (talentId, skill, proficiency) VALUES (29, 'CI/CD', 'beginner');
INSERT INTO talentSkills (talentId, skill, proficiency) VALUES (29, 'Vue.js', 'advanced');
INSERT INTO talentSkills (talentId, skill, proficiency) VALUES (29, 'PostgreSQL', 'expert');
INSERT INTO talentSkills (talentId, skill, proficiency) VALUES (29, 'Java', 'expert');
INSERT INTO talentSkills (talentId, skill, proficiency) VALUES (29, 'GraphQL', 'intermediate');
INSERT INTO talentSkills (talentId, skill, proficiency) VALUES (29, 'React', 'beginner');
INSERT INTO talentSkills (talentId, skill, proficiency) VALUES (30, 'Visual Design', 'expert');
INSERT INTO talentSkills (talentId, skill, proficiency) VALUES (30, 'UX Research', 'beginner');
INSERT INTO talentSkills (talentId, skill, proficiency) VALUES (30, 'Information Architecture', 'beginner');
INSERT INTO talentSkills (talentId, skill, proficiency) VALUES (30, 'Illustrator', 'beginner');
INSERT INTO talentSkills (talentId, skill, proficiency) VALUES (30, 'Wireframing', 'expert');
INSERT INTO talentSkills (talentId, skill, proficiency) VALUES (30, 'Photoshop', 'beginner');
INSERT INTO talentSkills (talentId, skill, proficiency) VALUES (30, 'User Testing', 'advanced');

-- Educação
INSERT INTO talentEducation (talentId, institution, course, completionYear) VALUES (1, 'Universidade Estadual de Campinas', 'Análise e Desenvolvimento de Sistemas', 2016);
INSERT INTO talentEducation (talentId, institution, course, completionYear) VALUES (2, 'Universidade Federal de Minas Gerais', 'Sistemas de Informação', 2017);
INSERT INTO talentEducation (talentId, institution, course, completionYear) VALUES (3, 'Universidade Federal do Rio de Janeiro', 'Engenharia de Software', 2018);
INSERT INTO talentEducation (talentId, institution, course, completionYear) VALUES (4, 'Pontifícia Universidade Católica', 'Gestão de TI', 2010);
INSERT INTO talentEducation (talentId, institution, course, completionYear) VALUES (5, 'Universidade Estadual de Campinas', 'Engenharia da Computação', 2020);
INSERT INTO talentEducation (talentId, institution, course, completionYear) VALUES (6, 'Universidade Estadual de Campinas', 'Gestão de TI', 2017);
INSERT INTO talentEducation (talentId, institution, course, completionYear) VALUES (7, 'Universidade Estadual de Campinas', 'Análise e Desenvolvimento de Sistemas', 2014);
INSERT INTO talentEducation (talentId, institution, course, completionYear) VALUES (8, 'Universidade Estadual de Campinas', 'Engenharia da Computação', 2014);
INSERT INTO talentEducation (talentId, institution, course, completionYear) VALUES (9, 'Universidade Estadual de Campinas', 'Gestão de TI', 2019);
INSERT INTO talentEducation (talentId, institution, course, completionYear) VALUES (10, 'Universidade Federal do Rio de Janeiro', 'Ciência da Computação', 2023);
INSERT INTO talentEducation (talentId, institution, course, completionYear) VALUES (11, 'Universidade Estadual de Campinas', 'Engenharia de Software', 2015);
INSERT INTO talentEducation (talentId, institution, course, completionYear) VALUES (12, 'Universidade Federal de Minas Gerais', 'Gestão de TI', 2016);
INSERT INTO talentEducation (talentId, institution, course, completionYear) VALUES (13, 'Universidade de São Paulo', 'Design Digital', 2011);
INSERT INTO talentEducation (talentId, institution, course, completionYear) VALUES (14, 'Pontifícia Universidade Católica', 'Análise e Desenvolvimento de Sistemas', 2012);
INSERT INTO talentEducation (talentId, institution, course, completionYear) VALUES (15, 'Universidade Federal do Rio Grande do Sul', 'Design Digital', 2012);
INSERT INTO talentEducation (talentId, institution, course, completionYear) VALUES (16, 'Universidade Federal do Rio Grande do Sul', 'Engenharia da Computação', 2018);
INSERT INTO talentEducation (talentId, institution, course, completionYear) VALUES (17, 'Universidade Estadual de Campinas', 'Engenharia de Software', 2013);
INSERT INTO talentEducation (talentId, institution, course, completionYear) VALUES (18, 'Universidade Federal de Minas Gerais', 'Design Digital', 2010);
INSERT INTO talentEducation (talentId, institution, course, completionYear) VALUES (19, 'Universidade Estadual de Campinas', 'Ciência da Computação', 2010);
INSERT INTO talentEducation (talentId, institution, course, completionYear) VALUES (20, 'Universidade Federal do Rio de Janeiro', 'Sistemas de Informação', 2017);
INSERT INTO talentEducation (talentId, institution, course, completionYear) VALUES (21, 'Universidade Federal do Rio Grande do Sul', 'Gestão de TI', 2012);
INSERT INTO talentEducation (talentId, institution, course, completionYear) VALUES (22, 'Universidade Federal do Rio Grande do Sul', 'Análise e Desenvolvimento de Sistemas', 2015);
INSERT INTO talentEducation (talentId, institution, course, completionYear) VALUES (23, 'Pontifícia Universidade Católica', 'Engenharia de Software', 2018);
INSERT INTO talentEducation (talentId, institution, course, completionYear) VALUES (24, 'Universidade Estadual de Campinas', 'Gestão de TI', 2015);
INSERT INTO talentEducation (talentId, institution, course, completionYear) VALUES (25, 'Universidade Estadual de Campinas', 'Engenharia da Computação', 2019);
INSERT INTO talentEducation (talentId, institution, course, completionYear) VALUES (26, 'Universidade Estadual de Campinas', 'Design Digital', 2013);
INSERT INTO talentEducation (talentId, institution, course, completionYear) VALUES (27, 'Universidade Estadual de Campinas', 'Gestão de TI', 2020);
INSERT INTO talentEducation (talentId, institution, course, completionYear) VALUES (28, 'Universidade Federal do Rio de Janeiro', 'Sistemas de Informação', 2014);
INSERT INTO talentEducation (talentId, institution, course, completionYear) VALUES (29, 'Universidade Federal do Rio Grande do Sul', 'Gestão de TI', 2013);
INSERT INTO talentEducation (talentId, institution, course, completionYear) VALUES (30, 'Universidade Estadual de Campinas', 'Análise e Desenvolvimento de Sistemas', 2010);

-- Certificações
INSERT INTO talentCertifications (talentId, certification, issuer, issueDate) VALUES (1, 'Microsoft Azure Fundamentals', 'Microsoft', '2025-08-21');
INSERT INTO talentCertifications (talentId, certification, issuer, issueDate) VALUES (2, 'Certified Kubernetes Administrator', 'CNCF', '2025-05-19');
INSERT INTO talentCertifications (talentId, certification, issuer, issueDate) VALUES (3, 'Professional Scrum Master', 'Scrum.org', '2025-09-12');
INSERT INTO talentCertifications (talentId, certification, issuer, issueDate) VALUES (4, 'Google UX Design Certificate', 'Google', '2025-01-02');
INSERT INTO talentCertifications (talentId, certification, issuer, issueDate) VALUES (5, 'Certified Kubernetes Administrator', 'CNCF', '2024-03-05');
INSERT INTO talentCertifications (talentId, certification, issuer, issueDate) VALUES (6, 'AWS Certified Solutions Architect', 'Amazon Web Services', '2025-12-17');
INSERT INTO talentCertifications (talentId, certification, issuer, issueDate) VALUES (7, 'PMP - Project Management Professional', 'PMI', '2025-10-02');
INSERT INTO talentCertifications (talentId, certification, issuer, issueDate) VALUES (8, 'Certified Kubernetes Administrator', 'CNCF', '2025-12-09');
INSERT INTO talentCertifications (talentId, certification, issuer, issueDate) VALUES (9, 'AWS Certified Solutions Architect', 'Amazon Web Services', '2025-05-18');
INSERT INTO talentCertifications (talentId, certification, issuer, issueDate) VALUES (10, 'Certified Ethical Hacker', 'EC-Council', '2024-07-07');
INSERT INTO talentCertifications (talentId, certification, issuer, issueDate) VALUES (11, 'Professional Scrum Master', 'Scrum.org', '2025-12-07');
INSERT INTO talentCertifications (talentId, certification, issuer, issueDate) VALUES (12, 'Certified Ethical Hacker', 'EC-Council', '2025-12-02');
INSERT INTO talentCertifications (talentId, certification, issuer, issueDate) VALUES (13, 'Professional Scrum Master', 'Scrum.org', '2024-03-14');
INSERT INTO talentCertifications (talentId, certification, issuer, issueDate) VALUES (14, 'Certified Ethical Hacker', 'EC-Council', '2025-12-05');
INSERT INTO talentCertifications (talentId, certification, issuer, issueDate) VALUES (15, 'AWS Certified Solutions Architect', 'Amazon Web Services', '2025-02-23');
INSERT INTO talentCertifications (talentId, certification, issuer, issueDate) VALUES (16, 'PMP - Project Management Professional', 'PMI', '2025-01-22');
INSERT INTO talentCertifications (talentId, certification, issuer, issueDate) VALUES (17, 'Professional Scrum Master', 'Scrum.org', '2025-02-27');
INSERT INTO talentCertifications (talentId, certification, issuer, issueDate) VALUES (18, 'Certified Kubernetes Administrator', 'CNCF', '2025-12-09');
INSERT INTO talentCertifications (talentId, certification, issuer, issueDate) VALUES (19, 'AWS Certified Solutions Architect', 'Amazon Web Services', '2025-01-30');
INSERT INTO talentCertifications (talentId, certification, issuer, issueDate) VALUES (20, 'Professional Scrum Master', 'Scrum.org', '2025-11-17');
INSERT INTO talentCertifications (talentId, certification, issuer, issueDate) VALUES (21, 'PMP - Project Management Professional', 'PMI', '2024-06-26');
INSERT INTO talentCertifications (talentId, certification, issuer, issueDate) VALUES (22, 'Certified Ethical Hacker', 'EC-Council', '2024-11-14');
INSERT INTO talentCertifications (talentId, certification, issuer, issueDate) VALUES (23, 'PMP - Project Management Professional', 'PMI', '2024-07-27');
INSERT INTO talentCertifications (talentId, certification, issuer, issueDate) VALUES (24, 'Microsoft Azure Fundamentals', 'Microsoft', '2024-03-26');
INSERT INTO talentCertifications (talentId, certification, issuer, issueDate) VALUES (25, 'PMP - Project Management Professional', 'PMI', '2024-03-18');

-- Empresas
INSERT INTO companies (userId, name, sector, size, location, website, description)
VALUES (101, 'FinTech Brasil Ltda.', 'Fintech', '501-1000', 'Florianópolis, SC', 'https://fintech brasil.com.br', 'A certeza de mudar simplesmente. Disintermediate holistic web-readiness.');
INSERT INTO companies (userId, name, sector, size, location, website, description)
VALUES (102, 'TechVision e Filhos', 'Tecnologia', '201-500', 'São Paulo, SP', 'https://techvision.com.br', 'A segurança de avançar com força total. Grow viral roi.');
INSERT INTO companies (userId, name, sector, size, location, website, description)
VALUES (103, 'CloudFirst - ME', 'Cloud Computing', '101-200', 'Brasília, DF', 'https://cloudfirst.com.br', 'A arte de ganhar com confiança. Integrate interactive niches.');
INSERT INTO companies (userId, name, sector, size, location, website, description)
VALUES (104, 'TechVision S/A', 'Tecnologia', '201-500', 'Salvador, BA', 'https://techvision.com.br', 'O conforto de atingir seus objetivos com toda a tranquilidade. Morph dot-com deliverables.');
INSERT INTO companies (userId, name, sector, size, location, website, description)
VALUES (105, 'FinTech Brasil e Filhos', 'Fintech', '501-1000', 'Florianópolis, SC', 'https://fintech brasil.com.br', 'A vantagem de mudar naturalmente. Leverage compelling models.');
INSERT INTO companies (userId, name, sector, size, location, website, description)
VALUES (106, 'EduTech e Filhos', 'Educação', '201-500', 'Fortaleza, CE', 'https://edutech.com.br', 'A vantagem de mudar direto da fonte. Enable viral interfaces.');
INSERT INTO companies (userId, name, sector, size, location, website, description)
VALUES (107, 'DataCore e Filhos', 'Dados e Analytics', '51-200', 'Porto Alegre, RS', 'https://datacore.com.br', 'O prazer de avançar sem preocupação. E-enable 24/365 platforms.');
INSERT INTO companies (userId, name, sector, size, location, website, description)
VALUES (108, 'HealthTech S.A.', 'Saúde', '101-200', 'São Paulo, SP', 'https://healthtech.com.br', 'A liberdade de inovar de maneira eficaz. Exploit turn-key methodologies.');
INSERT INTO companies (userId, name, sector, size, location, website, description)
VALUES (109, 'FinTech Brasil Ltda.', 'Fintech', '501-1000', 'Florianópolis, SC', 'https://fintech brasil.com.br', 'A simplicidade de concretizar seus projetos naturalmente. Transition viral experiences.');
INSERT INTO companies (userId, name, sector, size, location, website, description)
VALUES (110, 'TechVision Ltda.', 'Tecnologia', '201-500', 'Florianópolis, SC', 'https://techvision.com.br', 'A certeza de conseguir em estado puro. Syndicate cutting-edge relationships.');
INSERT INTO companies (userId, name, sector, size, location, website, description)
VALUES (111, 'InovaSoft S/A', 'Software', '51-200', 'Florianópolis, SC', 'https://inovasoft.com.br', 'A possibilidade de mudar antes de tudo. Maximize interactive e-tailers.');
INSERT INTO companies (userId, name, sector, size, location, website, description)
VALUES (112, 'HealthTech e Filhos', 'Saúde', '101-200', 'Fortaleza, CE', 'https://healthtech.com.br', 'O prazer de inovar antes de tudo. Iterate rich markets.');
INSERT INTO companies (userId, name, sector, size, location, website, description)
VALUES (113, 'HealthTech e Filhos', 'Saúde', '101-200', 'Fortaleza, CE', 'https://healthtech.com.br', 'O poder de conseguir naturalmente. Brand ubiquitous experiences.');
INSERT INTO companies (userId, name, sector, size, location, website, description)
VALUES (114, 'TechVision - EI', 'Tecnologia', '201-500', 'Porto Alegre, RS', 'https://techvision.com.br', 'A possibilidade de evoluir simplesmente. Strategize next-generation e-commerce.');
INSERT INTO companies (userId, name, sector, size, location, website, description)
VALUES (115, 'InovaSoft S.A.', 'Software', '51-200', 'Brasília, DF', 'https://inovasoft.com.br', 'A liberdade de avançar mais rapidamente. Extend robust paradigms.');

-- Vagas
INSERT INTO jobPostings (companyId, title, description, requirements, salaryMin, salaryMax, location, employmentType)
VALUES (1, 'Desenvolvedora Full Stack Sênior', 'Oportunidade para desenvolvedora full stack sênior. A certeza de evoluir de maneira eficaz. Expedite magnetic functionalities.', '["Flask", "Kafka", "Redis", "GraphQL"]', 15002, 18251, 'Curitiba, PR - Presencial', 'Full-time');
INSERT INTO jobPostings (companyId, title, description, requirements, salaryMin, salaryMax, location, employmentType)
VALUES (2, 'Designer UI/UX Pleno', 'Oportunidade para designer ui/ux pleno. O poder de avançar com força total. Seize dot-com communities.', '["GraphQL", "JavaScript", "Node.js", "Angular"]', 10783, 15631, 'São Paulo, SP - Remoto', 'Full-time');
INSERT INTO jobPostings (companyId, title, description, requirements, salaryMin, salaryMax, location, employmentType)
VALUES (3, 'Engenheira de Software Backend', 'Oportunidade para engenheira de software backend. A simplicidade de avançar mais rapidamente. Empower mission-critical eyeballs.', '["Branding", "User Testing", "UX Research", "Information Architecture"]', 10122, 18067, 'Salvador, BA - Híbrido', 'Full-time');
INSERT INTO jobPostings (companyId, title, description, requirements, salaryMin, salaryMax, location, employmentType)
VALUES (4, 'Product Designer Senior', 'Oportunidade para product designer senior. A vantagem de inovar sem preocupação. Utilize 24/365 users.', '["Kafka", "Machine Learning", "Agile", "PyTorch"]', 4865, 12423, 'Belo Horizonte, MG - Presencial', 'Full-time');
INSERT INTO jobPostings (companyId, title, description, requirements, salaryMin, salaryMax, location, employmentType)
VALUES (5, 'Cientista de Dados', 'Oportunidade para cientista de dados. O conforto de avançar de maneira eficaz. Aggregate virtual web-readiness.', '["Agile", "AWS", "Machine Learning", "GraphQL"]', 12989, 17086, 'Curitiba, PR - Híbrido', 'Full-time');
INSERT INTO jobPostings (companyId, title, description, requirements, salaryMin, salaryMax, location, employmentType)
VALUES (6, 'DevOps Engineer', 'Oportunidade para devops engineer. A vantagem de avançar naturalmente. Grow best-of-breed portals.', '["Illustrator", "Information Architecture", "Photoshop", "Interaction Design"]', 12728, 16654, 'Salvador, BA - Presencial', 'Full-time');
INSERT INTO jobPostings (companyId, title, description, requirements, salaryMin, salaryMax, location, employmentType)
VALUES (7, 'Desenvolvedora Mobile React Native', 'Oportunidade para desenvolvedora mobile react native. O prazer de avançar de maneira eficaz. Benchmark viral e-tailers.', '["Python", "Redis", "Flask", "REST API"]', 9734, 15519, 'Belo Horizonte, MG - Híbrido', 'Full-time');
INSERT INTO jobPostings (companyId, title, description, requirements, salaryMin, salaryMax, location, employmentType)
VALUES (8, 'Tech Lead Frontend', 'Oportunidade para tech lead frontend. A possibilidade de evoluir simplesmente. Re-contextualize turn-key e-services.', '["CI/CD", "TypeScript", "Microservices", "Angular"]', 14993, 22619, 'Salvador, BA - Presencial', 'Full-time');
INSERT INTO jobPostings (companyId, title, description, requirements, salaryMin, salaryMax, location, employmentType)
VALUES (9, 'Product Manager', 'Oportunidade para product manager. A segurança de ganhar direto da fonte. Embrace real-time interfaces.', '["Wireframing", "Information Architecture", "Illustrator", "UX Research"]', 5127, 11291, 'Curitiba, PR - Remoto', 'Full-time');
INSERT INTO jobPostings (companyId, title, description, requirements, salaryMin, salaryMax, location, employmentType)
VALUES (10, 'Engenheira de Machine Learning', 'Oportunidade para engenheira de machine learning. O conforto de atingir seus objetivos com toda a tranquilidade. Synthesize holistic partnerships.', '["CI/CD", "Docker", "MongoDB", "Microservices"]', 11249, 17128, 'Belo Horizonte, MG - Remoto', 'Full-time');
INSERT INTO jobPostings (companyId, title, description, requirements, salaryMin, salaryMax, location, employmentType)
VALUES (11, 'Desenvolvedora Backend Python', 'Oportunidade para desenvolvedora backend python. O conforto de ganhar com confiança. Envisioneer bricks-and-clicks users.', '["SQL", "RabbitMQ", "Kafka", "Java"]', 10674, 18519, 'Belo Horizonte, MG - Presencial', 'Full-time');
INSERT INTO jobPostings (companyId, title, description, requirements, salaryMin, salaryMax, location, employmentType)
VALUES (12, 'Engenheira de Dados', 'Oportunidade para engenheira de dados. O prazer de conseguir sem preocupação. Deliver cutting-edge metrics.', '["Sketch", "Illustrator", "User Testing", "Information Architecture"]', 8130, 15246, 'Recife, PE - Presencial', 'Full-time');
INSERT INTO jobPostings (companyId, title, description, requirements, salaryMin, salaryMax, location, employmentType)
VALUES (13, 'Game Developer Unity', 'Oportunidade para game developer unity. A arte de avançar simplesmente. Disintermediate integrated technologies.', '["PyTorch", "Agile", "CI/CD", "Spring Boot"]', 14943, 21971, 'Rio de Janeiro, RJ - Híbrido', 'Full-time');
INSERT INTO jobPostings (companyId, title, description, requirements, salaryMin, salaryMax, location, employmentType)
VALUES (14, 'Security Engineer', 'Oportunidade para security engineer. A simplicidade de atingir seus objetivos mais facilmente. Generate proactive e-markets.', '["MongoDB", "Docker", "Django", "REST API"]', 14344, 17845, 'Florianópolis, SC - Presencial', 'Full-time');
INSERT INTO jobPostings (companyId, title, description, requirements, salaryMin, salaryMax, location, employmentType)
VALUES (15, 'AI Research Engineer', 'Oportunidade para ai research engineer. A simplicidade de conseguir naturalmente. Repurpose front-end roi.', '["Photoshop", "Interaction Design", "Figma", "Visual Design"]', 15700, 23621, 'São Paulo, SP - Remoto', 'Full-time');
INSERT INTO jobPostings (companyId, title, description, requirements, salaryMin, salaryMax, location, employmentType)
VALUES (1, 'iOS Developer', 'Oportunidade para ios developer. O direito de mudar de maneira eficaz. Incentivize one-to-one portals.', '["Git", "Data Analysis", "GraphQL", "Docker"]', 10501, 15062, 'Fortaleza, CE - Presencial', 'Full-time');
INSERT INTO jobPostings (companyId, title, description, requirements, salaryMin, salaryMax, location, employmentType)
VALUES (2, 'Scrum Master', 'Oportunidade para scrum master. A certeza de inovar antes de tudo. Exploit extensible convergence.', '["Redis", "Node.js", "PyTorch", "Data Analysis"]', 15258, 19450, 'Salvador, BA - Remoto', 'Full-time');
INSERT INTO jobPostings (companyId, title, description, requirements, salaryMin, salaryMax, location, employmentType)
VALUES (3, 'Arquiteta de Soluções Cloud', 'Oportunidade para arquiteta de soluções cloud. A simplicidade de evoluir simplesmente. Incubate robust bandwidth.', '["Wireframing", "Interaction Design", "Design Systems", "UI Design"]', 6886, 11248, 'Florianópolis, SC - Remoto', 'Full-time');
INSERT INTO jobPostings (companyId, title, description, requirements, salaryMin, salaryMax, location, employmentType)
VALUES (4, 'QA Engineer', 'Oportunidade para qa engineer. O prazer de atingir seus objetivos antes de tudo. Whiteboard virtual solutions.', '["Python", "RabbitMQ", "Microservices", "Angular"]', 12490, 17766, 'Curitiba, PR - Híbrido', 'Full-time');
INSERT INTO jobPostings (companyId, title, description, requirements, salaryMin, salaryMax, location, employmentType)
VALUES (5, 'UX Researcher', 'Oportunidade para ux researcher. O prazer de atingir seus objetivos com confiança. Synthesize b2b action-items.', '["Data Analysis", "React", "Agile", "TypeScript"]', 5761, 11083, 'Brasília, DF - Remoto', 'Full-time');
INSERT INTO jobPostings (companyId, title, description, requirements, salaryMin, salaryMax, location, employmentType)
VALUES (6, 'Analista de BI', 'Oportunidade para analista de bi. A arte de avançar com confiança. Brand proactive e-markets.', '["Adobe XD", "Prototyping", "Wireframing", "Information Architecture"]', 4511, 7660, 'Salvador, BA - Híbrido', 'Full-time');
INSERT INTO jobPostings (companyId, title, description, requirements, salaryMin, salaryMax, location, employmentType)
VALUES (7, 'Site Reliability Engineer', 'Oportunidade para site reliability engineer. A segurança de atingir seus objetivos mais facilmente. Re-intermediate web-enabled vortals.', '["CI/CD", "REST API", "JavaScript", "Spring Boot"]', 10640, 17250, 'Porto Alegre, RS - Híbrido', 'Full-time');
INSERT INTO jobPostings (companyId, title, description, requirements, salaryMin, salaryMax, location, employmentType)
VALUES (8, 'Android Developer', 'Oportunidade para android developer. O poder de conseguir em estado puro. Incubate intuitive bandwidth.', '["Machine Learning", "Django", "REST API", "NoSQL"]', 14184, 19845, 'Fortaleza, CE - Remoto', 'Full-time');
INSERT INTO jobPostings (companyId, title, description, requirements, salaryMin, salaryMax, location, employmentType)
VALUES (9, 'Content Designer', 'Oportunidade para content designer. A simplicidade de avançar antes de tudo. Innovate dot-com e-services.', '["Prototyping", "Sketch", "Branding", "Visual Design"]', 9331, 12803, 'Curitiba, PR - Presencial', 'Full-time');
INSERT INTO jobPostings (companyId, title, description, requirements, salaryMin, salaryMax, location, employmentType)
VALUES (10, 'Blockchain Developer', 'Oportunidade para blockchain developer. A simplicidade de atingir seus objetivos mais rapidamente. Strategize value-added synergies.', '["MongoDB", "PyTorch", "NoSQL", "Docker"]', 8291, 11572, 'Porto Alegre, RS - Remoto', 'Full-time');
INSERT INTO jobPostings (companyId, title, description, requirements, salaryMin, salaryMax, location, employmentType)
VALUES (11, 'Growth Hacker', 'Oportunidade para growth hacker. A simplicidade de atingir seus objetivos simplesmente. Reinvent customized web services.', '["Machine Learning", "Java", "SQL", "Git"]', 5548, 9115, 'São Paulo, SP - Presencial', 'Full-time');
INSERT INTO jobPostings (companyId, title, description, requirements, salaryMin, salaryMax, location, employmentType)
VALUES (12, 'Business Analyst', 'Oportunidade para business analyst. A liberdade de concretizar seus projetos direto da fonte. Innovate dot-com markets.', '["Photoshop", "Illustrator", "Branding", "Information Architecture"]', 14594, 20193, 'Rio de Janeiro, RJ - Híbrido', 'Full-time');
INSERT INTO jobPostings (companyId, title, description, requirements, salaryMin, salaryMax, location, employmentType)
VALUES (13, 'Motion Designer', 'Oportunidade para motion designer. A possibilidade de concretizar seus projetos naturalmente. Maximize vertical convergence.', '["TypeScript", "Flask", "Vue.js", "Data Analysis"]', 11342, 15704, 'Brasília, DF - Remoto', 'Full-time');
INSERT INTO jobPostings (companyId, title, description, requirements, salaryMin, salaryMax, location, employmentType)
VALUES (14, 'Penetration Tester', 'Oportunidade para penetration tester. A segurança de avançar antes de tudo. E-enable seamless solutions.', '["Vue.js", "Data Analysis", "Java", "Git"]', 12122, 18318, 'Recife, PE - Híbrido', 'Full-time');
INSERT INTO jobPostings (companyId, title, description, requirements, salaryMin, salaryMax, location, employmentType)
VALUES (15, 'NLP Engineer', 'Oportunidade para nlp engineer. O conforto de realizar seus sonhos mais facilmente. Cultivate revolutionary eyeballs.', '["Visual Design", "Photoshop", "Branding", "User Testing"]', 10965, 15239, 'Curitiba, PR - Presencial', 'Full-time');
INSERT INTO jobPostings (companyId, title, description, requirements, salaryMin, salaryMax, location, employmentType)
VALUES (1, 'Flutter Developer', 'Oportunidade para flutter developer. O poder de inovar antes de tudo. Monetize distributed paradigms.', '["Agile", "GraphQL", "Redis", "Python"]', 7341, 13380, 'Brasília, DF - Híbrido', 'Full-time');
INSERT INTO jobPostings (companyId, title, description, requirements, salaryMin, salaryMax, location, employmentType)
VALUES (2, 'Agile Coach', 'Oportunidade para agile coach. O prazer de concretizar seus projetos mais rapidamente. Architect 24/7 technologies.', '["Scrum", "Elasticsearch", "Data Analysis", "Java"]', 12582, 19371, 'Rio de Janeiro, RJ - Híbrido', 'Full-time');
INSERT INTO jobPostings (companyId, title, description, requirements, salaryMin, salaryMax, location, employmentType)
VALUES (3, 'Desenvolvedora Frontend Vue.js', 'Oportunidade para desenvolvedora frontend vue.js. A certeza de ganhar mais rapidamente. Extend robust experiences.', '["Wireframing", "Information Architecture", "UI Design", "Interaction Design"]', 10818, 14985, 'Rio de Janeiro, RJ - Remoto', 'Full-time');
INSERT INTO jobPostings (companyId, title, description, requirements, salaryMin, salaryMax, location, employmentType)
VALUES (4, 'Graphic Designer', 'Oportunidade para graphic designer. A possibilidade de concretizar seus projetos simplesmente. Enable dynamic functionalities.', '["SQL", "PyTorch", "Python", "Data Analysis"]', 5067, 11806, 'Belo Horizonte, MG - Híbrido', 'Full-time');
INSERT INTO jobPostings (companyId, title, description, requirements, salaryMin, salaryMax, location, employmentType)
VALUES (5, 'Interaction Designer', 'Oportunidade para interaction designer. A simplicidade de ganhar em estado puro. Drive viral communities.', '["Django", "CI/CD", "JavaScript", "Microservices"]', 11107, 15822, 'Brasília, DF - Híbrido', 'Full-time');
INSERT INTO jobPostings (companyId, title, description, requirements, salaryMin, salaryMax, location, employmentType)
VALUES (6, 'Data Analyst', 'Oportunidade para data analyst. O poder de evoluir em estado puro. Maximize user-centric architectures.', '["UX Research", "Wireframing", "Photoshop", "Illustrator"]', 15500, 18790, 'Salvador, BA - Presencial', 'Full-time');
INSERT INTO jobPostings (companyId, title, description, requirements, salaryMin, salaryMax, location, employmentType)
VALUES (7, 'Cloud Architect', 'Oportunidade para cloud architect. O poder de concretizar seus projetos mais rapidamente. Architect efficient info-mediaries.', '["REST API", "Python", "RabbitMQ", "MongoDB"]', 11949, 18187, 'Fortaleza, CE - Remoto', 'Full-time');
INSERT INTO jobPostings (companyId, title, description, requirements, salaryMin, salaryMax, location, employmentType)
VALUES (8, 'Desenvolvedora Júnior Full Stack', 'Oportunidade para desenvolvedora júnior full stack. A liberdade de realizar seus sonhos com força total. Harness granular architectures.', '["JavaScript", "Data Analysis", "Microservices", "Machine Learning"]', 12726, 15951, 'Recife, PE - Remoto', 'Full-time');
INSERT INTO jobPostings (companyId, title, description, requirements, salaryMin, salaryMax, location, employmentType)
VALUES (9, 'Instructional Designer', 'Oportunidade para instructional designer. O direito de realizar seus sonhos mais facilmente. Incubate strategic applications.', '["Adobe XD", "Figma", "Wireframing", "User Testing"]', 15783, 22336, 'Salvador, BA - Híbrido', 'Full-time');
INSERT INTO jobPostings (companyId, title, description, requirements, salaryMin, salaryMax, location, employmentType)
VALUES (10, 'Computer Vision Engineer', 'Oportunidade para computer vision engineer. A arte de atingir seus objetivos direto da fonte. Optimize enterprise technologies.', '["Node.js", "PostgreSQL", "CI/CD", "Django"]', 8611, 16603, 'Porto Alegre, RS - Híbrido', 'Full-time');
